Data,Scaling,Accuracy,F1 Score
Raw Data,No Scaling,0.9936092513694461,0.9922993491297146
Scaled Data,With Scaling,0.9921180766889836,0.9911133825604405
